"weight";"word";"color";"url"
"4";"Reinforcement Learning";"";""
"3";"aggregation";"";""
"3";"Marek Petrik";"";""
"3";"MDP";"";""
"3";"Python";"";""
"3";"RL";"";""
"2";"cross validation";"";""
"2";"Histogram";"";""
"2";"IMSE";"";""
"2";"machine learning";"";""
"2";"numpy as np";"";""
"2";"Phil Hatcher";"";""
"2";"Putterman";"";""
"2";"RAAM";"";""
"2";"vim";"";""
"1";"agent";"";""
"1";"AGI";"";""
"1";"AI";"";""
"1";"Alan Turing";"";""
"1";"Alejo Hausner";"";""
"1";"algorithms";"";""
"1";"ambiguity set";"";""
"1";"analytics";"";""
"1";"Android";"";""
"1";"approximation";"";""
"1";"artificial general intelligence";"";""
"1";"automaton";"";""
"1";"Beautiful Mind";"";""
"1";"Bertsekas";"";""
"1";"C";"";""
"1";"C#";"";""
"1";"C++";"";""
"1";"commit";"";""
"1";"common sense";"";""
"1";"computationalism";"";""
"1";"computer";"";""
"1";"computer science";"";""
"1";"computer vision";"";""
"1";"computing";"";""
"1";"conference";"";""
"1";"consciousness";"";""
"1";"cyber security";"";""
"1";"data science";"";""
"1";"decision making";"";""
"1";"decision theory";"";""
"1";"deep learning";"";""
"1";"Erwin Schrödinger";"";""
"1";"game theory";"";""
"1";"game theory";"";""
"1";"GIL";"";""
"1";"Git";"";""
"1";"heuristics";"";""
"1";"hyper parameter";"";""
"1";"hypothesis";"";""
"1";"IDE";"";""
"1";"information";"";""
"1";"information retrieval";"";""
"1";"information theory";"";""
"1";"intellectual";"";""
"1";"intelligence";"";""
"1";"internship";"";""
"1";"invariants";"";""
"1";"invasive species";"";""
"1";"Java";"";""
"1";"John Nash";"";""
"1";"Kingsbury";"";""
"1";"knowledge graphs";"";""
"1";"knowledge representation";"";""
"1";"lab";"";""
"1";"LaTeX";"";""
"1";"Laura Dietz";"";""
"1";"learning";"";""
"1";"linguistics";"";""
"1";"logarithms";"";""
"1";"logistic regression";"";""
"1";"machine perception";"";""
"1";"Markov";"";""
"1";"mathematics";"";""
"1";"mind";"";""
"1";"ML";"";""
"1";"moore's law";"";""
"1";"natural language processing";"";""
"1";"neural networks";"";""
"1";"NeurIPS";"";""
"1";"neuroscience";"";""
"1";"Nikola Tesla";"";""
"1";"ontology";"";""
"1";"optimization";"";""
"1";"pandas";"";""
"1";"pattern recognition";"";""
"1";"philosophy";"";""
"1";"probability";"";""
"1";"problem solving";"";""
"1";"programming";"";""
"1";"psychology";"";""
"1";"publication";"";""
"1";"Python";"";""
"1";"regression";"";""
"1";"reinforcement leaning";"";""
"1";"reinforcement learning";"";""
"1";"research";"";""
"1";"research";"";""
"1";"return";"";""
"1";"reward";"";""
"1";"robotics";"";""
"1";"rsync";"";""
"1";"sanity";"";""
"1";"sentiment";"";""
"1";"Shannon";"";""
"1";"software development";"";""
"1";"speech recognition";"";""
"1";"ssh";"";""
"1";"state space";"";""
"1";"supervised learning";"";""
"1";"Sutton";"";""
"1";"technology";"";""
"1";"theory of computation";"";""
"1";"tmux";"";""
"1";"ugly draft";"";""
"1";"uncertainty";"";""
"1";"UNH";"";""
"1";"unsupervised learning";"";""
"1";"Van Roy";"";""
"1";"visualization";"";""
